{"name":"99827b15-2032-43be-a90e-8c542671fa54","id":"/providers/Microsoft.Flow/flows/99827b15-2032-43be-a90e-8c542671fa54","type":"Microsoft.Flow/flows","properties":{"apiId":"/providers/Microsoft.PowerApps/apis/shared_logicflows","displayName":"DailyDilbert","definition":{"metadata":{"workflowEntityId":null,"creator":{"id":"deb59ade-63e5-4f5c-a835-c6462186da0a","type":"User","tenantId":"58c5e340-26ff-4bdc-8147-0b98e7074323"},"provisioningMethod":"FromDefinition","failureAlertSubscription":true,"clientLastModifiedTime":"2019-11-05T23:46:34.1910764Z"},"$schema":"https://schema.management.azure.com/providers/Microsoft.Logic/schemas/2016-06-01/workflowdefinition.json#","contentVersion":"1.0.0.0","parameters":{"$connections":{"defaultValue":{},"type":"Object"},"$authentication":{"defaultValue":{},"type":"SecureObject"}},"triggers":{"Recurrence":{"recurrence":{"frequency":"Day","interval":1,"schedule":{"hours":["9"]}},"type":"Recurrence"}},"actions":{"List_all_RSS_feed_items":{"runAfter":{"Initialize_variable_2":["Succeeded"]},"metadata":{"flowSystemMetadata":{"swaggerOperationId":"ListFeedItems"}},"type":"ApiConnection","inputs":{"host":{"connection":{"name":"@parameters('$connections')['shared_rss']['connectionId']"},"api":{"runtimeUrl":"https://flow-apim-europe-001-francecentral-01.azure-apim.net/apim/rss"}},"method":"get","path":"/ListFeedItems","queries":{"feedUrl":"http://comicfeeds.chrisbenard.net/view/dilbert/default"},"authentication":"@parameters('$authentication')"}},"Filter_array":{"runAfter":{"List_all_RSS_feed_items":["Succeeded"]},"type":"Query","inputs":{"from":"@body('List_all_RSS_feed_items')","where":"@greater(item()?['publishDate'], addDays(utcNow(), -1))"}},"Condition":{"actions":{"Apply_to_each":{"foreach":"@body('Filter_array')","actions":{"Set_variable":{"runAfter":{},"type":"SetVariable","inputs":{"name":"imgLink","value":"@items('Apply_to_each')?['summary']"}}},"runAfter":{},"type":"Foreach"},"Post_a_message_as_the_Flow_bot_to_a_channel":{"runAfter":{"Set_variable_2":["Succeeded"]},"metadata":{"flowSystemMetadata":{"swaggerOperationId":"PostChannelNotification"}},"type":"ApiConnection","inputs":{"host":{"connection":{"name":"@parameters('$connections')['shared_teams']['connectionId']"},"api":{"runtimeUrl":"https://flow-apim-europe-001-francecentral-01.azure-apim.net/apim/teams"}},"method":"post","body":{"recipient":{"channelId":"19:170f68c0354d4753890e55c44009ef05@thread.skype"},"messageBody":"@variables('imgLinkParsed')"},"path":"/flowbot/actions/notification/recipienttypes/channel","queries":{"groupId":"db158a9b-b81c-49ff-b394-19d3d194b2c7"},"authentication":"@parameters('$authentication')"}},"Set_variable_2":{"runAfter":{"Apply_to_each":["Succeeded"]},"type":"SetVariable","inputs":{"name":"imgLinkParsed","value":"@{replace(variables('imgLink'),'//','https://')}"}}},"runAfter":{"Filter_array":["Succeeded"]},"expression":{"greater":["@length(body('Filter_array'))",0]},"type":"If"},"Initialize_variable":{"runAfter":{},"type":"InitializeVariable","inputs":{"variables":[{"name":"imgLink","type":"String"}]}},"Initialize_variable_2":{"runAfter":{"Initialize_variable":["Succeeded"]},"type":"InitializeVariable","inputs":{"variables":[{"name":"imgLinkParsed","type":"String"}]}}}},"connectionReferences":{"shared_rss":{"connectionName":"shared-rss-1816c1a5-675f-4987-aaed-6a5ae4a602c1","source":"Embedded","id":"/providers/Microsoft.PowerApps/apis/shared_rss","tier":"NotSpecified"},"shared_teams":{"connectionName":"shared-teams-ce1610e9-5dd4-4ab2-a204-6284bfc1d488","source":"Embedded","id":"/providers/Microsoft.PowerApps/apis/shared_teams","tier":"NotSpecified"}},"flowFailureAlertSubscribed":false}}